label	replace by
"permar, sallie"	"permar, sallie r"
"pollara, justin"	"pollara, justin j"
"corneli, amy"	"corneli, amy l"
"ackerman, margaret"	"ackerman, margaret e"
"curtis, alan d"	"curtis, alan d 2nd"
"edwards, whitney"	"edwards, r whitney"
"eudailey, josh"	"eudailey, joshua a"
"eudailey, joshua"	"eudailey, joshua a"
"haynes, barton"	"haynes, barton f"
"herkett, nicholas"	"herkett, nicholas j"
"kroll, kyle"	"kroll, kyle w"
"hsu, david"	"hsu, david s"
"hsu, s david"	"hsu, david s"